{"v":"5.7.1","fr":29.9700012207031,"ip":15.0000006109625,"op":69.0000028104276,"w":50,"h":50,"nm":"Comp 2","ddd":0,"assets":[],"layers":[{"ddd":0,"ind":1,"ty":4,"nm":"music icon for micro interaction Outlines","sr":1,"ks":{"o":{"a":0,"k":100,"ix":11},"r":{"a":0,"k":0,"ix":10},"p":{"a":0,"k":[24,25,0],"ix":2},"a":{"a":0,"k":[6,7,0],"ix":1},"s":{"a":1,"k":[{"i":{"x":[0.833,0.833,0.833],"y":[1,1,-0.644]},"o":{"x":[0.167,0.167,0.167],"y":[0.167,0.167,1.406]},"t":13,"s":[100,100,100]},{"i":{"x":[0.833,0.833,0.833],"y":[1,1,1.729]},"o":{"x":[0.167,0.167,0.167],"y":[0,0,1.77]},"t":26,"s":[90,90,100]},{"i":{"x":[0.833,0.833,0.833],"y":[1,1,2.585]},"o":{"x":[0.167,0.167,0.167],"y":[0,0,-0.677]},"t":40,"s":[100,100,100]},{"i":{"x":[0.833,0.833,0.833],"y":[0.833,0.833,1]},"o":{"x":[0.167,0.167,0.167],"y":[0,0,-1.829]},"t":53,"s":[90,90,100]},{"t":68.0000027696968,"s":[100,100,100]}],"ix":6,"x":"var $bm_rt;\nvar amp, freq, decay, n, time_max, n, t, t, v;\namp = 0.1;\nfreq = 2;\ndecay = 5;\nn = 0;\n$bm_rt = time_max = 4;\nif (numKeys > 0) {\n    $bm_rt = n = nearestKey(time).index;\n    if (key(n).time > time) {\n        n--;\n    }\n}\nif (n == 0) {\n    $bm_rt = t = 0;\n} else {\n    $bm_rt = t = $bm_sub(time, key(n).time);\n}\nif (n > 0 && t < time_max) {\n    v = velocityAtTime($bm_sub(key(n).time, $bm_div(thisComp.frameDuration, 10)));\n    $bm_rt = $bm_sum(value, $bm_div($bm_mul($bm_mul(v, amp), Math.sin($bm_mul($bm_mul($bm_mul(freq, t), 2), Math.PI))), Math.exp($bm_mul(decay, t))));\n} else {\n    $bm_rt = value;\n}"}},"ao":0,"shapes":[{"ty":"gr","it":[{"ind":0,"ty":"sh","ix":1,"ks":{"a":1,"k":[{"i":{"x":0.833,"y":0.833},"o":{"x":0.167,"y":0.167},"t":13,"s":[{"i":[[0,0],[0.107,0.077],[0.137,-0.046],[0,0],[0,-0.185],[0,0],[0.516,0],[0,-1.28],[-1.262,0],[-0.045,1.233],[0,0],[0,0],[0,0],[0,0],[0.516,0],[0,-1.28],[-1.262,0],[-0.045,1.233],[0,0],[0,0]],"o":[[0,-0.154],[-0.121,-0.092],[0,0],[-0.183,0.061],[0,0],[-0.379,-0.293],[-1.262,0],[0,1.28],[1.216,0],[0,0],[0,0],[0,0],[0,0],[-0.38,-0.293],[-1.262,0],[0,1.28],[1.216,0],[0,0],[0,0],[0,0]],"v":[[6,-6.175],[5.817,-6.545],[5.407,-6.607],[-2.048,-4.924],[-2.353,-4.492],[-2.353,2.466],[-3.72,2.003],[-6,4.317],[-3.72,6.632],[-1.456,4.41],[-1.456,4.347],[-1.456,-2.733],[5.088,-4.107],[5.088,1.014],[3.721,0.552],[1.44,2.866],[3.721,5.18],[5.984,2.959],[5.984,2.896],[5.984,-6.175]],"c":true}]},{"i":{"x":0.833,"y":0.833},"o":{"x":0.167,"y":0.167},"t":26,"s":[{"i":[[0,0],[0.107,0.077],[0.137,-0.046],[0,0],[0,-0.185],[0,0],[0.516,0],[0,-1.28],[-1.262,0],[-0.045,1.233],[0,0],[0,0],[0,0],[0,0],[0.516,0],[0,-1.28],[-1.262,0],[-0.045,1.233],[0,0],[0,0]],"o":[[0,-0.154],[-0.121,-0.092],[0,0],[-0.183,0.061],[0,0],[-0.379,-0.293],[-1.262,0],[0,1.28],[1.216,0],[0,0],[0,0],[0,0],[0,0],[-0.38,-0.293],[-1.262,0],[0,1.28],[1.216,0],[0,0],[0,0],[0,0]],"v":[[6,-6.175],[5.817,-6.545],[5.407,-6.607],[-2.048,-4.924],[-2.353,-4.492],[-2.353,0.134],[-3.72,-0.329],[-6,1.985],[-3.72,4.3],[-1.456,2.078],[-1.456,2.015],[-1.456,-2.733],[5.088,-4.107],[5.088,3.983],[3.721,3.521],[1.44,5.835],[3.721,8.149],[5.984,5.928],[5.984,5.865],[5.984,-6.175]],"c":true}]},{"i":{"x":0.833,"y":0.833},"o":{"x":0.167,"y":0.167},"t":40,"s":[{"i":[[0,0],[0.107,0.077],[0.137,-0.046],[0,0],[0,-0.185],[0,0],[0.516,0],[0,-1.28],[-1.262,0],[-0.045,1.233],[0,0],[0,0],[0,0],[0,0],[0.516,0],[0,-1.28],[-1.262,0],[-0.045,1.233],[0,0],[0,0]],"o":[[0,-0.154],[-0.121,-0.092],[0,0],[-0.183,0.061],[0,0],[-0.379,-0.293],[-1.262,0],[0,1.28],[1.216,0],[0,0],[0,0],[0,0],[0,0],[-0.38,-0.293],[-1.262,0],[0,1.28],[1.216,0],[0,0],[0,0],[0,0]],"v":[[6,-6.175],[5.817,-6.545],[5.407,-6.607],[-2.048,-4.924],[-2.353,-4.492],[-2.353,2.466],[-3.72,2.003],[-6,4.317],[-3.72,6.632],[-1.456,4.41],[-1.456,4.347],[-1.456,-2.733],[5.088,-4.107],[5.088,1.014],[3.721,0.552],[1.44,2.866],[3.721,5.18],[5.984,2.959],[5.984,2.896],[5.984,-6.175]],"c":true}]},{"i":{"x":0.833,"y":0.833},"o":{"x":0.167,"y":0.167},"t":53,"s":[{"i":[[0,0],[0.107,0.077],[0.137,-0.046],[0,0],[0,-0.185],[0,0],[0.516,0],[0,-1.28],[-1.262,0],[-0.045,1.233],[0,0],[0,0],[0,0],[0,0],[0.516,0],[0,-1.28],[-1.262,0],[-0.045,1.233],[0,0],[0,0]],"o":[[0,-0.154],[-0.121,-0.092],[0,0],[-0.183,0.061],[0,0],[-0.379,-0.293],[-1.262,0],[0,1.28],[1.216,0],[0,0],[0,0],[0,0],[0,0],[-0.38,-0.293],[-1.262,0],[0,1.28],[1.216,0],[0,0],[0,0],[0,0]],"v":[[6,-6.175],[5.817,-6.545],[5.407,-6.607],[-2.048,-4.924],[-2.353,-4.492],[-2.353,0.134],[-3.72,-0.329],[-6,1.985],[-3.72,4.3],[-1.456,2.078],[-1.456,2.015],[-1.456,-2.733],[5.088,-4.107],[5.088,3.983],[3.721,3.521],[1.44,5.835],[3.721,8.149],[5.984,5.928],[5.984,5.865],[5.984,-6.175]],"c":true}]},{"t":68.0000027696968,"s":[{"i":[[0,0],[0.107,0.077],[0.137,-0.046],[0,0],[0,-0.185],[0,0],[0.516,0],[0,-1.28],[-1.262,0],[-0.045,1.233],[0,0],[0,0],[0,0],[0,0],[0.516,0],[0,-1.28],[-1.262,0],[-0.045,1.233],[0,0],[0,0]],"o":[[0,-0.154],[-0.121,-0.092],[0,0],[-0.183,0.061],[0,0],[-0.379,-0.293],[-1.262,0],[0,1.28],[1.216,0],[0,0],[0,0],[0,0],[0,0],[-0.38,-0.293],[-1.262,0],[0,1.28],[1.216,0],[0,0],[0,0],[0,0]],"v":[[6,-6.175],[5.817,-6.545],[5.407,-6.607],[-2.048,-4.924],[-2.353,-4.492],[-2.353,2.466],[-3.72,2.003],[-6,4.317],[-3.72,6.632],[-1.456,4.41],[-1.456,4.347],[-1.456,-2.733],[5.088,-4.107],[5.088,1.014],[3.721,0.552],[1.44,2.866],[3.721,5.18],[5.984,2.959],[5.984,2.896],[5.984,-6.175]],"c":true}]}],"ix":2},"nm":"Path 1","mn":"ADBE Vector Shape - Group","hd":false},{"ty":"mm","mm":4,"nm":"Merge Paths 1","mn":"ADBE Vector Filter - Merge","hd":false},{"ty":"fl","c":{"a":0,"k":[0.9215686274509803,0.44313725490196076,0.43137254901960786,1],"ix":4},"o":{"a":0,"k":100,"ix":5},"r":1,"bm":0,"nm":"Fill 1","mn":"ADBE Vector Graphic - Fill","hd":false},{"ty":"tr","p":{"a":0,"k":[6,6.632],"ix":2},"a":{"a":0,"k":[0,0],"ix":1},"s":{"a":0,"k":[100,100],"ix":3},"r":{"a":0,"k":0,"ix":6},"o":{"a":0,"k":100,"ix":7},"sk":{"a":0,"k":0,"ix":4},"sa":{"a":0,"k":0,"ix":5},"nm":"Transform"}],"nm":"Group 1","np":3,"cix":2,"bm":0,"ix":1,"mn":"ADBE Vector Group","hd":false}],"ip":0,"op":900.000036657751,"st":0,"bm":0},{"ddd":0,"ind":2,"ty":4,"nm":"Shape Layer 1","sr":1,"ks":{"o":{"a":0,"k":20,"ix":11},"r":{"a":0,"k":0,"ix":10},"p":{"a":0,"k":[25.281,24.594,0],"ix":2},"a":{"a":0,"k":[-76.969,235.031,0],"ix":1},"s":{"a":0,"k":[100,100,100],"ix":6}},"ao":0,"shapes":[{"ty":"gr","it":[{"d":1,"ty":"el","s":{"a":0,"k":[30,30],"ix":2},"p":{"a":0,"k":[0,0],"ix":3},"nm":"Ellipse Path 1","mn":"ADBE Vector Shape - Ellipse","hd":false},{"ty":"fl","c":{"a":0,"k":[1,1,1,1],"ix":4},"o":{"a":0,"k":100,"ix":5},"r":1,"bm":0,"nm":"Fill 1","mn":"ADBE Vector Graphic - Fill","hd":false},{"ty":"tr","p":{"a":0,"k":[-76.969,235.031],"ix":2},"a":{"a":0,"k":[0,0],"ix":1},"s":{"a":0,"k":[100,100],"ix":3},"r":{"a":0,"k":0,"ix":6},"o":{"a":0,"k":100,"ix":7},"sk":{"a":0,"k":0,"ix":4},"sa":{"a":0,"k":0,"ix":5},"nm":"Transform"}],"nm":"Ellipse 1","np":3,"cix":2,"bm":0,"ix":1,"mn":"ADBE Vector Group","hd":false}],"ip":0,"op":900.000036657751,"st":0,"bm":0},{"ddd":0,"ind":3,"ty":4,"nm":"Shape Layer 3","td":1,"sr":1,"ks":{"o":{"a":0,"k":100,"ix":11},"r":{"a":0,"k":0,"ix":10},"p":{"a":0,"k":[25.281,24.594,0],"ix":2},"a":{"a":0,"k":[-76.969,235.031,0],"ix":1},"s":{"a":0,"k":[100,100,100],"ix":6}},"ao":0,"shapes":[{"ty":"gr","it":[{"d":1,"ty":"el","s":{"a":0,"k":[30,30],"ix":2},"p":{"a":0,"k":[0,0],"ix":3},"nm":"Ellipse Path 1","mn":"ADBE Vector Shape - Ellipse","hd":false},{"ty":"fl","c":{"a":0,"k":[1,1,1,1],"ix":4},"o":{"a":0,"k":100,"ix":5},"r":1,"bm":0,"nm":"Fill 1","mn":"ADBE Vector Graphic - Fill","hd":false},{"ty":"tr","p":{"a":0,"k":[-76.969,235.031],"ix":2},"a":{"a":0,"k":[0,0],"ix":1},"s":{"a":0,"k":[100,100],"ix":3},"r":{"a":0,"k":0,"ix":6},"o":{"a":0,"k":100,"ix":7},"sk":{"a":0,"k":0,"ix":4},"sa":{"a":0,"k":0,"ix":5},"nm":"Transform"}],"nm":"Ellipse 1","np":3,"cix":2,"bm":0,"ix":1,"mn":"ADBE Vector Group","hd":false}],"ip":0,"op":900.000036657751,"st":0,"bm":0},{"ddd":0,"ind":4,"ty":4,"nm":"Shape Layer 2","tt":2,"sr":1,"ks":{"o":{"a":1,"k":[{"i":{"x":[0.173],"y":[1]},"o":{"x":[0.333],"y":[0]},"t":4,"s":[100]},{"t":45.0000018328876,"s":[0]}],"ix":11},"r":{"a":0,"k":0,"ix":10},"p":{"a":0,"k":[24.989,24.739,0],"ix":2},"a":{"a":0,"k":[-76.011,241.239,0],"ix":1},"s":{"a":1,"k":[{"i":{"x":[0.253,0.253,0.667],"y":[1,1,1]},"o":{"x":[0.333,0.333,0.333],"y":[0,0,0]},"t":-10,"s":[0,0,100]},{"t":59.0000024031193,"s":[134,134,100]}],"ix":6}},"ao":0,"shapes":[{"ty":"gr","it":[{"d":1,"ty":"el","s":{"a":0,"k":[37.478,37.478],"ix":2},"p":{"a":0,"k":[0,0],"ix":3},"nm":"Ellipse Path 1","mn":"ADBE Vector Shape - Ellipse","hd":false},{"ty":"fl","c":{"a":0,"k":[1,1,1,1],"ix":4},"o":{"a":0,"k":100,"ix":5},"r":1,"bm":0,"nm":"Fill 1","mn":"ADBE Vector Graphic - Fill","hd":false},{"ty":"tr","p":{"a":0,"k":[-76.011,241.239],"ix":2},"a":{"a":0,"k":[0,0],"ix":1},"s":{"a":0,"k":[100,100],"ix":3},"r":{"a":0,"k":0,"ix":6},"o":{"a":0,"k":100,"ix":7},"sk":{"a":0,"k":0,"ix":4},"sa":{"a":0,"k":0,"ix":5},"nm":"Transform"}],"nm":"Ellipse 1","np":3,"cix":2,"bm":0,"ix":1,"mn":"ADBE Vector Group","hd":false}],"ip":0,"op":900.000036657751,"st":0,"bm":0}],"markers":[]}